{
    "$schema": "https://cqhttp.cc/config-schema.json",
    "host": "127.0.0.1",
    "port": 5700,
    "use_http": true,
    "ws_host": "127.0.0.1",
    "ws_port": 6700,
    "use_ws": false,
    "ws_reverse_url": "",
    "ws_reverse_api_url": "ws://127.0.0.1:8080/ws/api/",
    "ws_reverse_event_url": "ws://127.0.0.1:8080/ws/event/",
    "ws_reverse_reconnect_interval": 3000,
    "ws_reverse_reconnect_on_code_1000": true,
    "use_ws_reverse": true,
    "post_url": "",
    "access_token": "",
    "secret": "",
    "post_message_format": "string",
    "serve_data_files": false,
    "update_source": "global",
    "update_channel": "stable",
    "auto_check_update": false,
    "auto_perform_update": false,
    "show_log_console": true,
    "log_level": "info"
}